"file","link1","link2","link3","link4","link5","link6","link7","link8","link9","link10","link11","link12","link13","link14","link15","link16","link17","link18","n_links"
"events/events/_event_template.qmd","https://goo.gl/maps/xyz","https://www.pretix.osc.lmu.de/lmu-osc/swc-20250324-Hum/","https://lmu-osc.github.io/introduction-to-renv/",NA,NA,NA,NA,NA,NA,NA,NA,NA,NA,NA,NA,NA,NA,NA,3
"events/events/2018-01-01-open-science-medical-science.qmd",NA,NA,NA,NA,NA,NA,NA,NA,NA,NA,NA,NA,NA,NA,NA,NA,NA,NA,0
"events/events/2018-10-01-crashkurs-open-science.qmd",NA,NA,NA,NA,NA,NA,NA,NA,NA,NA,NA,NA,NA,NA,NA,NA,NA,NA,0
"events/events/2018-12-05-responsibility-consequences.qmd","https://www.ibe.med.uni-muenchen.de/index.html","https://www.stratos-initiative.org/","https://github.com/Bioconductor/EuroBioc2018","https://doi.org/10.17226/13297","https://www.nationalacademies.org/projects/IOM-HCS-10-06/publication/13297","https://www.uniklinik-freiburg.de/imbi/mitarbeiter.html?imbiuser=wfs","https://statistik.tu-dortmund.de/",NA,NA,NA,NA,NA,NA,NA,NA,NA,NA,NA,7
"events/events/2018-12-14-paywall-business-scholarship.qmd","https://leibniz-psychology.org/","https://paywallthemovie.com/","https://www.stat.lmu.de/stablab/de/team/kontaktseite/sabine-hoffmann-1b1ce4c9.html","https://www.youtube.com/watch?v=YaHlcwyn2Jk&amp;feature=youtu.be","https://www.youtube.com/watch?v=YaHlcwyn2Jk&amp;feature=youtu.be","https://leibniz-psychology.org/","https://www.en.ub.uni-muenchen.de/index.html",NA,NA,NA,NA,NA,NA,NA,NA,NA,NA,NA,7
"events/events/2019-02-12-good-scientific-practices.qmd","https://gsparmed.wixsite.com/website","https://terminplaner4.dfn.de/oscgsp","https://terminplaner4.dfn.de/oscgsp",NA,NA,NA,NA,NA,NA,NA,NA,NA,NA,NA,NA,NA,NA,NA,3
"events/events/2019-02-18-privacy-open-data.qmd",NA,NA,NA,NA,NA,NA,NA,NA,NA,NA,NA,NA,NA,NA,NA,NA,NA,NA,0
"events/events/2019-04-01-wissenschaftliches-arbeiten-medizin.qmd","https://terminplaner4.dfn.de/qRxciPo8sMUQPb7g",NA,NA,NA,NA,NA,NA,NA,NA,NA,NA,NA,NA,NA,NA,NA,NA,NA,1
"events/events/2019-06-13-context-concerns-measures.qmd","https://www.ilr.cornell.edu/labor-dynamics-institute","https://www.aeaweb.org/","https://www.vilhuber.com/lars/","https://www.vilhuber.com/lars","https://rationality-and-competition.de/","https://rationality-and-competition.de/","https://www.ifo.de/en/reseach/lmu-ifo-economics-business-data-center","https://www.ifo.de/en/reseach/lmu-ifo-economics-business-data-center","https://www.osc.uni-muenchen.de/index.html","https://www.osc.uni-muenchen.de/","https://www.cas.lmu.de/en/programs/cas-research-focuses/index.html","https://www.en.cas.uni-muenchen.de/research_focus/evidence_praxis/index.html","https://doi.org/10.5281/zenodo.3245369","https://doi.org/10.5281/zenodo.3245369","https://labordynamicsinstitute.github.io/replication-tutorial-2019/#/","https://labordynamicsinstitute.github.io/replication-tutorial-2019/#/","https://labordynamicsinstitute.github.io/computing4economists/","https://labordynamicsinstitute.github.io/computing4economists/",18
"events/events/2019-11-04-transparency-translational-impact.qmd",NA,NA,NA,NA,NA,NA,NA,NA,NA,NA,NA,NA,NA,NA,NA,NA,NA,NA,0
"events/events/2019-11-25-open-science-promotion.qmd","https://www.graduatecenter.uni-muenchen.de/veranstaltungen/kurzbuendig/open_science/index.html",NA,NA,NA,NA,NA,NA,NA,NA,NA,NA,NA,NA,NA,NA,NA,NA,NA,1
"events/events/2019-11-28-open-science-bottom-up.qmd","https://psyfako.org/","https://fit4rri.eu/",NA,NA,NA,NA,NA,NA,NA,NA,NA,NA,NA,NA,NA,NA,NA,NA,2
"events/events/2019-12-18-open-science-discussion-journal-club.qmd","https://doi.org/10.1371/journal.pmed.0020124","https://doi.org/10.1371/journal.pmed.0020124","https://www.lmu.de/psy/de/studium/fachschaften-studierendenvertretung/",NA,NA,NA,NA,NA,NA,NA,NA,NA,NA,NA,NA,NA,NA,NA,3
"events/events/2020-01-20-funding-options-requirements.qmd","https://www.en.ub.uni-muenchen.de/homepage/index.html","https://www.lmu.de/en/research/research-services/index.html",NA,NA,NA,NA,NA,NA,NA,NA,NA,NA,NA,NA,NA,NA,NA,NA,2
"events/events/2020-01-29-open-science-discussion-journal-club.qmd","https://doi.org/10.1371/journal.pmed.0020124","https://doi.org/10.1371/journal.pmed.0020124","https://doi.org/10.1038/s41562-016-0021","https://doi.org/10.1038/s41562-016-0021","https://www.lmu.de/psy/de/studium/fachschaften-studierendenvertretung/",NA,NA,NA,NA,NA,NA,NA,NA,NA,NA,NA,NA,NA,5
"events/events/2020-02-05-harmonic-mean-chi-squared-test.qmd",NA,NA,NA,NA,NA,NA,NA,NA,NA,NA,NA,NA,NA,NA,NA,NA,NA,NA,0
"events/events/2020-02-06-replication-experiments-design.qmd",NA,NA,NA,NA,NA,NA,NA,NA,NA,NA,NA,NA,NA,NA,NA,NA,NA,NA,0
"events/events/2020-05-14-corona-forschung-zuverlassigkeit.qmd",NA,NA,NA,NA,NA,NA,NA,NA,NA,NA,NA,NA,NA,NA,NA,NA,NA,NA,0
"events/events/2020-07-02-open-science-sharing-practical.qmd","https://www.youtube.com/channel/UCEFq307_Zijcmw1Xto-eqeg","https://lmu-munich.zoom.us/j/93265169786?pwd=ZE5xLzhnNGFoRmx0WjRFRHh0VWRTZz09",NA,NA,NA,NA,NA,NA,NA,NA,NA,NA,NA,NA,NA,NA,NA,NA,2
"events/events/2020-12-04-corona-and-open-science.qmd",NA,NA,NA,NA,NA,NA,NA,NA,NA,NA,NA,NA,NA,NA,NA,NA,NA,NA,0
"events/events/2021-04-22-lmu-funding-requirements-services.qmd","https://www.lmu.de/en/research/research-services/index.html","https://www.en.ub.uni-muenchen.de/homepage/index.html",NA,NA,NA,NA,NA,NA,NA,NA,NA,NA,NA,NA,NA,NA,NA,NA,2
"events/events/2021-04-29-clinical-studies-publication.qmd","https://www.transparimed.org/","https://www.lmu-klinikum.de/innere-medizin-3",NA,NA,NA,NA,NA,NA,NA,NA,NA,NA,NA,NA,NA,NA,NA,NA,2
"events/events/2021-06-01-philosophy-methodology-medicine.qmd","https://blogs.kent.ac.uk/wilde/","https://www.kent.ac.uk/philosophy",NA,NA,NA,NA,NA,NA,NA,NA,NA,NA,NA,NA,NA,NA,NA,NA,2
"events/events/2021-06-01-prediction-registration-replication.qmd","https://www.taisukeimai.com/cas_workshop_2021/index.html",NA,NA,NA,NA,NA,NA,NA,NA,NA,NA,NA,NA,NA,NA,NA,NA,NA,1
"events/events/2021-07-08-institutional-incentive-reward-system.qmd","https://www.bihealth.org/de/translation/innovationstreiber/quest-center/teams",NA,NA,NA,NA,NA,NA,NA,NA,NA,NA,NA,NA,NA,NA,NA,NA,NA,1
"events/events/2021-07-09-good-research-career-impact.qmd",NA,NA,NA,NA,NA,NA,NA,NA,NA,NA,NA,NA,NA,NA,NA,NA,NA,NA,0
"events/events/2021-09-29-loss-of-confidence-project.qmd",NA,NA,NA,NA,NA,NA,NA,NA,NA,NA,NA,NA,NA,NA,NA,NA,NA,NA,0
"events/events/2021-11-10-reproducible-workflow-tools.qmd","https://terminplaner4.dfn.de/cyRX2UvyLwasfO3S","https://www.teaguehenry.com/strings-not-factors/2021/2/21/eight-principles-of-good-data-management",NA,NA,NA,NA,NA,NA,NA,NA,NA,NA,NA,NA,NA,NA,NA,NA,2
"events/events/2021-11-16-german-reproducibility-day.qmd","https://reproducibilitynetwork.de/","https://gfz-potsdam-de.zoom.us/meeting/register/tJMocuiqrTgtH9dFDk7lSZ8m-mLp8c3rEpZR","https://gfz-potsdam-de.zoom.us/meeting/register/tJMocuiqrTgtH9dFDk7lSZ8m-mLp8c3rEpZR","https://reproducibilitynetwork.de/germanreproday/",NA,NA,NA,NA,NA,NA,NA,NA,NA,NA,NA,NA,NA,NA,4
"events/events/2022-03-08-wunsch-und-wirklichkeit.qmd",NA,NA,NA,NA,NA,NA,NA,NA,NA,NA,NA,NA,NA,NA,NA,NA,NA,NA,0
"events/events/2022-05-23-oxford-open-research-survey.qmd",NA,NA,NA,NA,NA,NA,NA,NA,NA,NA,NA,NA,NA,NA,NA,NA,NA,NA,0
"events/events/2022-06-08-open-access.qmd",NA,NA,NA,NA,NA,NA,NA,NA,NA,NA,NA,NA,NA,NA,NA,NA,NA,NA,0
"events/events/2022-06-10-phacking-countermeasures.qmd",NA,NA,NA,NA,NA,NA,NA,NA,NA,NA,NA,NA,NA,NA,NA,NA,NA,NA,0
"events/events/2022-06-20-paper-mills-fake-science-industrial.qmd",NA,NA,NA,NA,NA,NA,NA,NA,NA,NA,NA,NA,NA,NA,NA,NA,NA,NA,0
"events/events/2022-07-01-science-communication-challenges.qmd",NA,NA,NA,NA,NA,NA,NA,NA,NA,NA,NA,NA,NA,NA,NA,NA,NA,NA,0
"events/events/2022-07-08-foster-open-science-university.qmd",NA,NA,NA,NA,NA,NA,NA,NA,NA,NA,NA,NA,NA,NA,NA,NA,NA,NA,0
"events/events/2022-07-22-qrps-students-curriculum-update.qmd",NA,NA,NA,NA,NA,NA,NA,NA,NA,NA,NA,NA,NA,NA,NA,NA,NA,NA,0
"events/events/2022-07-29-theory-development-qrps-response.qmd",NA,NA,NA,NA,NA,NA,NA,NA,NA,NA,NA,NA,NA,NA,NA,NA,NA,NA,0
"events/events/2022-09-12-git-basic-training.qmd",NA,NA,NA,NA,NA,NA,NA,NA,NA,NA,NA,NA,NA,NA,NA,NA,NA,NA,0
"events/events/2022-09-22-git-basic-training.qmd",NA,NA,NA,NA,NA,NA,NA,NA,NA,NA,NA,NA,NA,NA,NA,NA,NA,NA,0
"events/events/2022-09-27-crash-course-open-science.qmd",NA,NA,NA,NA,NA,NA,NA,NA,NA,NA,NA,NA,NA,NA,NA,NA,NA,NA,0
"events/events/2022-10-14-advanced-power-analyses.qmd",NA,NA,NA,NA,NA,NA,NA,NA,NA,NA,NA,NA,NA,NA,NA,NA,NA,NA,0
"events/events/2022-10-27-git-github-version-control.qmd","https://github.com/lmu-osc/Introduction-RStudio-Git-GitHub","https://github.com/lmu-osc/Introduction-RStudio-Git-GitHub","https://github.com/lmu-osc/Collaborative-RStudio-GitHub","https://github.com/lmu-osc/Collaborative-RStudio-GitHub",NA,NA,NA,NA,NA,NA,NA,NA,NA,NA,NA,NA,NA,NA,4
"events/events/2022-11-11-welcome-open-science-universe.qmd",NA,NA,NA,NA,NA,NA,NA,NA,NA,NA,NA,NA,NA,NA,NA,NA,NA,NA,0
"events/events/2022-11-17-meta-research-responsible.qmd",NA,NA,NA,NA,NA,NA,NA,NA,NA,NA,NA,NA,NA,NA,NA,NA,NA,NA,0
"events/events/2022-11-25-idea-open-science-perspectives.qmd",NA,NA,NA,NA,NA,NA,NA,NA,NA,NA,NA,NA,NA,NA,NA,NA,NA,NA,0
"events/events/2022-12-16-positionality-author-transparency.qmd",NA,NA,NA,NA,NA,NA,NA,NA,NA,NA,NA,NA,NA,NA,NA,NA,NA,NA,0
"events/events/2023-01-17-theoriebildung-psychologie.qmd",NA,NA,NA,NA,NA,NA,NA,NA,NA,NA,NA,NA,NA,NA,NA,NA,NA,NA,0
"events/events/2023-01-26-reproducible-research-in-r.qmd","https://aaronpeikert.github.io/repro-workshop/","https://aaronpeikert.github.io/repro-workshop/","https://doi.org/10.3390/psych3040053","https://doi.org/10.3390/psych3040053",NA,NA,NA,NA,NA,NA,NA,NA,NA,NA,NA,NA,NA,NA,4
"events/events/2023-01-27-preregistration-ideal-warrant.qmd",NA,NA,NA,NA,NA,NA,NA,NA,NA,NA,NA,NA,NA,NA,NA,NA,NA,NA,0
"events/events/2023-02-10-animal-research-open-science.qmd",NA,NA,NA,NA,NA,NA,NA,NA,NA,NA,NA,NA,NA,NA,NA,NA,NA,NA,0
"events/events/2023-02-10-forschungsdaten-datenschutz.qmd","https://www.tutorialspoint.com/r/index.htm</p",NA,NA,NA,NA,NA,NA,NA,NA,NA,NA,NA,NA,NA,NA,NA,NA,NA,1
"events/events/2023-02-13-research-data-management-events.qmd","https://lmu-munich.zoom.us/meeting/register/tJEtdemgqD0pHdIC7dQRgnr9IQmL6YtmcG7-","https://lmu-munich.zoom.us/meeting/register/tJEtdemgqD0pHdIC7dQRgnr9IQmL6YtmcG7-","https://lmu-munich.zoom.us/meeting/register/tJUkdumvqT8vGtZxmnvmCYA6Tt5ybt7spyL-","https://lmu-munich.zoom.us/meeting/register/tJUkdumvqT8vGtZxmnvmCYA6Tt5ybt7spyL-","https://ub.fau.de/schulungen/a-short-introduction-to-data-publishing-and-data-journals/","https://www.studon.fau.de/studon/ilias.php?baseClass=ilrepositorygui&cmd=infoScreenGoto&ref_id=4923482","https://www.studon.fau.de/studon/ilias.php?baseClass=ilrepositorygui&cmd=infoScreenGoto&ref_id=4923482","https://lmu-munich.zoom.us/meeting/register/tJMuf-mrrzoiGdZFwCNMHVT7tm2qVnE0mb6c","https://lmu-munich.zoom.us/meeting/register/tJMuf-mrrzoiGdZFwCNMHVT7tm2qVnE0mb6c","https://lmu-munich.zoom.us/meeting/register/tJEsce6gqT4sG9SVj8Wu2L8J51YfyP6Eu4K1","https://lmu-munich.zoom.us/meeting/register/tJEsce6gqT4sG9SVj8Wu2L8J51YfyP6Eu4K1",NA,NA,NA,NA,NA,NA,NA,11
"events/events/2023-02-27-credible-research-introduction.qmd",NA,NA,NA,NA,NA,NA,NA,NA,NA,NA,NA,NA,NA,NA,NA,NA,NA,NA,0
"events/events/2023-03-07-git-github-version-control.qmd","https://github.com/lmu-osc/Introduction-RStudio-Git-GitHub","https://github.com/lmu-osc/Introduction-RStudio-Git-GitHub","https://github.com/lmu-osc/Collaborative-RStudio-GitHub","https://github.com/lmu-osc/Collaborative-RStudio-GitHub",NA,NA,NA,NA,NA,NA,NA,NA,NA,NA,NA,NA,NA,NA,4
"events/events/2023-03-10-clinical-studies-reporting.qmd",NA,NA,NA,NA,NA,NA,NA,NA,NA,NA,NA,NA,NA,NA,NA,NA,NA,NA,0
"events/events/2023-03-13-responsible-procedures-research-assess.qmd","https://doi.org/10.23668/psycharchives.8162","https://doi.org/10.23668/psycharchives.8162","https://sfdora.org/","https://sfdora.org/","https://www.coara.org/","https://www.coara.org/","https://doi.org/10.31234/osf.io/5yexm","https://doi.org/10.31234/osf.io/5yexm",NA,NA,NA,NA,NA,NA,NA,NA,NA,NA,8
"events/events/2023-03-31-clinical-studies-reporting.qmd",NA,NA,NA,NA,NA,NA,NA,NA,NA,NA,NA,NA,NA,NA,NA,NA,NA,NA,0
"events/events/2023-05-05-welcome-open-science-universe.qmd",NA,NA,NA,NA,NA,NA,NA,NA,NA,NA,NA,NA,NA,NA,NA,NA,NA,NA,0
"events/events/2023-05-11-methodology-hypocrisy-psychology.qmd",NA,NA,NA,NA,NA,NA,NA,NA,NA,NA,NA,NA,NA,NA,NA,NA,NA,NA,0
"events/events/2023-05-19-working-conditions-research-quality.qmd",NA,NA,NA,NA,NA,NA,NA,NA,NA,NA,NA,NA,NA,NA,NA,NA,NA,NA,0
"events/events/2023-06-02-generalizability-crisis-statistics.qmd",NA,NA,NA,NA,NA,NA,NA,NA,NA,NA,NA,NA,NA,NA,NA,NA,NA,NA,0
"events/events/2023-06-07-registered-reports-submission-experience.qmd","https://www.cos.io/initiatives/registered-reports","https://www.cos.io/initiatives/registered-reports","https://rr.peercommunityin.org/","https://rr.peercommunityin.org/","https://mgto.org/core-team/","https://mgto.org/core-team/","https://mgto.org/resources/","https://mgto.org/resources/",NA,NA,NA,NA,NA,NA,NA,NA,NA,NA,8
"events/events/2023-06-09-registered-reports-debate.qmd",NA,NA,NA,NA,NA,NA,NA,NA,NA,NA,NA,NA,NA,NA,NA,NA,NA,NA,0
"events/events/2023-06-23-theoretical-frameworks-psychology.qmd",NA,NA,NA,NA,NA,NA,NA,NA,NA,NA,NA,NA,NA,NA,NA,NA,NA,NA,0
"events/events/2023-07-04-offene-wissenschaft-geisteswissenschaften.qmd",NA,NA,NA,NA,NA,NA,NA,NA,NA,NA,NA,NA,NA,NA,NA,NA,NA,NA,0
"events/events/2023-07-05-why-and-how.qmd",NA,NA,NA,NA,NA,NA,NA,NA,NA,NA,NA,NA,NA,NA,NA,NA,NA,NA,0
"events/events/2023-07-14-statistical-routines.qmd",NA,NA,NA,NA,NA,NA,NA,NA,NA,NA,NA,NA,NA,NA,NA,NA,NA,NA,0
"events/events/2023-07-19-reform-research-assessment.qmd","https://osf.io/eqkjz/","https://osf.io/eqkjz/","https://doi.org/10.23668/psycharchives.8162","https://doi.org/10.23668/psycharchives.8162","https://doi.org/10.31234/osf.io/5yexm","https://doi.org/10.31234/osf.io/5yexm",NA,NA,NA,NA,NA,NA,NA,NA,NA,NA,NA,NA,6
"events/events/2023-09-11-julia-scientific-computing.qmd","https://www.mpib-berlin.mpg.de/person/103737/2549","https://www.mpib-berlin.mpg.de/staff/maximilian-ernst","https://www.mps-ucl-centre.mpg.de/people/126423",NA,NA,NA,NA,NA,NA,NA,NA,NA,NA,NA,NA,NA,NA,NA,3
"events/events/2023-09-11-open-research-summer-school.qmd","https://malikaihle.github.io/OSC-Open-Research-Summer-School-2023/","https://malikaihle.github.io/OSC-Open-Research-Summer-School-2023/","https://tellmi.psy.lmu.de/formr/OSC-Summer-School-2023","https://tellmi.psy.lmu.de/formr/OSC-Summer-School-2023","https://www.pretix.osc.lmu.de/lmu-osc/lectures/","https://www.pretix.osc.lmu.de/lmu-osc/lectures/",NA,NA,NA,NA,NA,NA,NA,NA,NA,NA,NA,NA,6
"events/events/2023-10-05-biometric-society-open-research.qmd",NA,NA,NA,NA,NA,NA,NA,NA,NA,NA,NA,NA,NA,NA,NA,NA,NA,NA,0
"events/events/2023-10-13-lmu-services.qmd",NA,NA,NA,NA,NA,NA,NA,NA,NA,NA,NA,NA,NA,NA,NA,NA,NA,NA,0
"events/events/2023-10-27-welcome-open-science-universe.qmd","https://lists.lrz.de/mailman/listinfo/reproducibilitea","https://lists.lrz.de/mailman/listinfo/reproducibilitea",NA,NA,NA,NA,NA,NA,NA,NA,NA,NA,NA,NA,NA,NA,NA,NA,2
"events/events/2023-11-03-uncertainty-data-analysis.qmd","https://lists.lrz.de/mailman/listinfo/reproducibilitea","https://lists.lrz.de/mailman/listinfo/reproducibilitea",NA,NA,NA,NA,NA,NA,NA,NA,NA,NA,NA,NA,NA,NA,NA,NA,2
"events/events/2023-11-10-machine-learning-medicine-open-sci.qmd",NA,NA,NA,NA,NA,NA,NA,NA,NA,NA,NA,NA,NA,NA,NA,NA,NA,NA,0
"events/events/2023-11-17-open-access-knowledge.qmd","https://lists.lrz.de/mailman/listinfo/reproducibilitea","https://lists.lrz.de/mailman/listinfo/reproducibilitea",NA,NA,NA,NA,NA,NA,NA,NA,NA,NA,NA,NA,NA,NA,NA,NA,2
"events/events/2023-12-01-operationalization-reproducibility.qmd","https://lists.lrz.de/mailman/listinfo/reproducibilitea","https://lists.lrz.de/mailman/listinfo/reproducibilitea",NA,NA,NA,NA,NA,NA,NA,NA,NA,NA,NA,NA,NA,NA,NA,NA,2
"events/events/2023-12-08-metascience.qmd",NA,NA,NA,NA,NA,NA,NA,NA,NA,NA,NA,NA,NA,NA,NA,NA,NA,NA,0
"events/events/2023-12-15-power-preregistration.qmd","https://lists.lrz.de/mailman/listinfo/reproducibilitea","https://lists.lrz.de/mailman/listinfo/reproducibilitea",NA,NA,NA,NA,NA,NA,NA,NA,NA,NA,NA,NA,NA,NA,NA,NA,2
"events/events/2024-01-08-review-open-science-perspective.qmd",NA,NA,NA,NA,NA,NA,NA,NA,NA,NA,NA,NA,NA,NA,NA,NA,NA,NA,0
"events/events/2024-01-12-next-steps.qmd",NA,NA,NA,NA,NA,NA,NA,NA,NA,NA,NA,NA,NA,NA,NA,NA,NA,NA,0
"events/events/2024-01-12-replication-crisis-positive.qmd","https://lists.lrz.de/mailman/listinfo/reproducibilitea","https://lists.lrz.de/mailman/listinfo/reproducibilitea",NA,NA,NA,NA,NA,NA,NA,NA,NA,NA,NA,NA,NA,NA,NA,NA,2
"events/events/2024-01-15-git-github-version-control.qmd","https://github.com/lmu-osc/Introduction-RStudio-Git-GitHub","https://github.com/lmu-osc/Introduction-RStudio-Git-GitHub","https://github.com/lmu-osc/Collaborative-RStudio-GitHub","https://github.com/lmu-osc/Collaborative-RStudio-GitHub",NA,NA,NA,NA,NA,NA,NA,NA,NA,NA,NA,NA,NA,NA,4
"events/events/2024-01-29-code-readability-improvement.qmd","https://osf.io/yprsq/","https://osf.io/yprsq/","https://github.com/OxfordCodeReviewNet/forum/blob/master/guidelines_for_reviewers.md","https://doi.org/10.3233/JNR-220002","https://doi.org/10.3233/JNR-220002",NA,NA,NA,NA,NA,NA,NA,NA,NA,NA,NA,NA,NA,5
"events/events/2024-02-06-robustheit-wissenschaft.qmd","https://meta-rep.de/badw/","https://meta-rep.de/badw/","https://badw.de","https://badw.de","https://www.meta-rep.uni-muenchen.de/index.html","https://www.meta-rep.uni-muenchen.de/index.html",NA,NA,NA,NA,NA,NA,NA,NA,NA,NA,NA,NA,6
"events/events/2024-02-07-ethikantrag-psychologische-studie.qmd",NA,NA,NA,NA,NA,NA,NA,NA,NA,NA,NA,NA,NA,NA,NA,NA,NA,NA,0
"events/events/2024-02-09-protocols-io.qmd",NA,NA,NA,NA,NA,NA,NA,NA,NA,NA,NA,NA,NA,NA,NA,NA,NA,NA,0
"events/events/2024-02-23-narrative-theories-formalization.qmd",NA,NA,NA,NA,NA,NA,NA,NA,NA,NA,NA,NA,NA,NA,NA,NA,NA,NA,0
"events/events/2024-02-26-version-control.qmd","https://malikaihle.github.io/Introduction-RStudio-Git-GitHub/","https://malikaihle.github.io/Introduction-RStudio-Git-GitHub/","https://malikaihle.github.io/Collaborative-RStudio-GitHub/","https://malikaihle.github.io/Collaborative-RStudio-GitHub/","https://happygitwithr.com/","https://happygitwithr.com/",NA,NA,NA,NA,NA,NA,NA,NA,NA,NA,NA,NA,6
"events/events/2024-03-06-reproducible-manuscripts-quarto.qmd","https://lmu-osc.github.io/introduction-to-Quarto/","https://lmu-osc.github.io/introduction-to-Quarto/",NA,NA,NA,NA,NA,NA,NA,NA,NA,NA,NA,NA,NA,NA,NA,NA,2
"events/events/2024-03-08-chatgpt-and-science.qmd",NA,NA,NA,NA,NA,NA,NA,NA,NA,NA,NA,NA,NA,NA,NA,NA,NA,NA,0
"events/events/2024-03-14-transparency-preregistration-multiverse.qmd",NA,NA,NA,NA,NA,NA,NA,NA,NA,NA,NA,NA,NA,NA,NA,NA,NA,NA,0
"events/events/2024-03-15-multiverse-analysis-visualization-r.qmd","https://www.pretix.osc.lmu.de/lmu-osc/multiverse-L/","https://www.pretix.osc.lmu.de/lmu-osc/multiverse-L/",NA,NA,NA,NA,NA,NA,NA,NA,NA,NA,NA,NA,NA,NA,NA,NA,2
"events/events/2024-03-25-reproducible-manuscripts.qmd","https://lmu-osc.github.io/introduction-to-Quarto/","https://lmu-osc.github.io/introduction-to-Quarto/","https://osf.io/mfe37","https://osf.io/mfe37","https://plain-text.co/","https://osf.io/ngd9t","https://osf.io/ngd9t",NA,NA,NA,NA,NA,NA,NA,NA,NA,NA,NA,7
"events/events/2024-04-12-future-topics.qmd",NA,NA,NA,NA,NA,NA,NA,NA,NA,NA,NA,NA,NA,NA,NA,NA,NA,NA,0
"events/events/2024-04-22-reproducible-computational-environment.qmd","https://osf.io/xp9zn/","https://osf.io/xp9zn/","https://quarto.org/docs/projects/binder.html","https://quarto.org/docs/projects/binder.html",NA,NA,NA,NA,NA,NA,NA,NA,NA,NA,NA,NA,NA,NA,4
"events/events/2024-04-23-auftaktveranstaltung.qmd","https://www.osc.uni-muenchen.de/meetups/reproducibilitea/index.html","https://lists.lrz.de/mailman/listinfo/reproducibilitea","https://lists.lrz.de/mailman/listinfo/reproducibilitea",NA,NA,NA,NA,NA,NA,NA,NA,NA,NA,NA,NA,NA,NA,NA,3
"events/events/2024-04-24-past-present-prospects.qmd",NA,NA,NA,NA,NA,NA,NA,NA,NA,NA,NA,NA,NA,NA,NA,NA,NA,NA,0
"events/events/2024-04-30-fair-data-documentation-social-sci.qmd","https://dmptool.org/",NA,NA,NA,NA,NA,NA,NA,NA,NA,NA,NA,NA,NA,NA,NA,NA,NA,1
"events/events/2024-05-07-data-sharing-publication-workshop.qmd","https://lmu-munich.zoom-x.de/meeting/register/u50td-msqDoqGtCDKeUiKK0Vj8h4l-nOfmwr","https://lmu-munich.zoom-x.de/meeting/register/u50td-msqDoqGtCDKeUiKK0Vj8h4l-nOfmwr","https://www.zbmed.de/","https://www.zbmed.de/","https://www.ub.uni-muenchen.de/index.html",NA,NA,NA,NA,NA,NA,NA,NA,NA,NA,NA,NA,NA,5
"events/events/2024-05-08-open-science.qmd",NA,NA,NA,NA,NA,NA,NA,NA,NA,NA,NA,NA,NA,NA,NA,NA,NA,NA,0
"events/events/2024-05-10-predatory-journals.qmd",NA,NA,NA,NA,NA,NA,NA,NA,NA,NA,NA,NA,NA,NA,NA,NA,NA,NA,0
"events/events/2024-05-10-quality-scholarly-publishing-facets.qmd",NA,NA,NA,NA,NA,NA,NA,NA,NA,NA,NA,NA,NA,NA,NA,NA,NA,NA,0
"events/events/2024-05-13-hype-and-reality.qmd",NA,NA,NA,NA,NA,NA,NA,NA,NA,NA,NA,NA,NA,NA,NA,NA,NA,NA,0
"events/events/2024-05-15-data-management-plans-workshop.qmd","https://lmu-munich.zoom-x.de/meeting/register/u5Iud--pqjopHtBAvXEygQCTOKQk59nSdDJk","https://www.zbmed.de/","https://www.zbmed.de/","https://www.ub.uni-muenchen.de/index.html",NA,NA,NA,NA,NA,NA,NA,NA,NA,NA,NA,NA,NA,NA,4
"events/events/2024-05-15-democratize-open-science-lmu.qmd",NA,NA,NA,NA,NA,NA,NA,NA,NA,NA,NA,NA,NA,NA,NA,NA,NA,NA,0
"events/events/2024-05-22-open-access.qmd",NA,NA,NA,NA,NA,NA,NA,NA,NA,NA,NA,NA,NA,NA,NA,NA,NA,NA,0
"events/events/2024-05-27-code-documentation.qmd","https://docs.github.com/en/repositories/managing-your-repositorys-settings-and-features/customizing-your-repository/about-readmes","https://docs.github.com/en/communities/documenting-your-project-with-wikis/about-wikis","https://realpython.com/documenting-python-code/",NA,NA,NA,NA,NA,NA,NA,NA,NA,NA,NA,NA,NA,NA,NA,3
"events/events/2024-05-27-peer-review-practices.qmd",NA,NA,NA,NA,NA,NA,NA,NA,NA,NA,NA,NA,NA,NA,NA,NA,NA,NA,0
"events/events/2024-06-05-functional-form-robustness-data.qmd",NA,NA,NA,NA,NA,NA,NA,NA,NA,NA,NA,NA,NA,NA,NA,NA,NA,NA,0
"events/events/2024-06-05-researcher-degrees-freedom.qmd","https://www.osc.uni-muenchen.de/meetups/reproducibilitea/index.html","https://lists.lrz.de/mailman/listinfo/reproducibilitea","https://lists.lrz.de/mailman/listinfo/reproducibilitea",NA,NA,NA,NA,NA,NA,NA,NA,NA,NA,NA,NA,NA,NA,NA,3
"events/events/2024-06-14-preprints.qmd",NA,NA,NA,NA,NA,NA,NA,NA,NA,NA,NA,NA,NA,NA,NA,NA,NA,NA,0
"events/events/2024-06-18-academia-abroad-experiences.qmd",NA,NA,NA,NA,NA,NA,NA,NA,NA,NA,NA,NA,NA,NA,NA,NA,NA,NA,0
"events/events/2024-06-19-praregistrierung.qmd",NA,NA,NA,NA,NA,NA,NA,NA,NA,NA,NA,NA,NA,NA,NA,NA,NA,NA,0
"events/events/2024-06-24-peer-code-review.qmd","https://github.com/OxfordCodeReviewNet/forum","https://github.com/OxfordCodeReviewNet/forum",NA,NA,NA,NA,NA,NA,NA,NA,NA,NA,NA,NA,NA,NA,NA,NA,2
"events/events/2024-06-28-reproducible-manuscripts-quarto.qmd","https://quarto.org/","https://lmu-osc.github.io/introduction-to-Quarto/","https://lmu-osc.github.io/introduction-to-Quarto/quarto_tutorials.html","https://lmu-osc.github.io/introduction-to-Quarto/apa7_manuscript.html","https://github.com/wjschne/apaquarto","https://lmu-osc.github.io/introduction-to-Quarto/quarto_manuscripts.html",NA,NA,NA,NA,NA,NA,NA,NA,NA,NA,NA,NA,6
"events/events/2024-07-03-prosozialitat-wissenschaft.qmd",NA,NA,NA,NA,NA,NA,NA,NA,NA,NA,NA,NA,NA,NA,NA,NA,NA,NA,0
"events/events/2024-07-11-interactive-graphics-plotly-r.qmd",NA,NA,NA,NA,NA,NA,NA,NA,NA,NA,NA,NA,NA,NA,NA,NA,NA,NA,0
"events/events/2024-07-12-open-code.qmd",NA,NA,NA,NA,NA,NA,NA,NA,NA,NA,NA,NA,NA,NA,NA,NA,NA,NA,0
"events/events/2024-07-29-peer-code-review.qmd","https://github.com/OxfordCodeReviewNet/forum","https://github.com/OxfordCodeReviewNet/forum","https://zenodo.org/records/8432946","https://zenodo.org/records/8432946",NA,NA,NA,NA,NA,NA,NA,NA,NA,NA,NA,NA,NA,NA,4
"events/events/2024-08-01-software-carpentry-python-munich.qmd","https://lmu-osc.github.io/2024-08-01-LMU/","https://lmu-osc.github.io/2024-08-01-LMU/",NA,NA,NA,NA,NA,NA,NA,NA,NA,NA,NA,NA,NA,NA,NA,NA,2
"events/events/2024-09-09-lmu-open-science-summer-school.qmd","https://www.osc.uni-muenchen.de/index.html","https://www.mpdl.mpg.de/en/","https://osip.mpdl.mpg.de/lmu-mpg-open-science-summer-school-2024/","https://osip.mpdl.mpg.de/lmu-mpg-open-science-summer-school-2024/","https://surveys.osc.lmu.de/OpenScienceSummerSchool2024/","https://surveys.osc.lmu.de/OpenScienceSummerSchool2024/","https://www.pretix.osc.lmu.de/lmu-osc/SS24/","https://www.pretix.osc.lmu.de/lmu-osc/SS24/",NA,NA,NA,NA,NA,NA,NA,NA,NA,NA,8
"events/events/2024-09-30-computing-skills-reproducible.qmd","https://lmu-osc.github.io/introduction-to-R/","https://lmu-osc.github.io/introduction-to-R/","https://lmu-osc.github.io/Introduction-RStudio-Git-GitHub/","https://lmu-osc.github.io/Introduction-RStudio-Git-GitHub/","https://lmu-osc.github.io/Collaborative-RStudio-GitHub/","https://lmu-osc.github.io/Collaborative-RStudio-GitHub/","https://lmu-osc.github.io/introduction-to-Quarto/","https://lmu-osc.github.io/introduction-to-Quarto/","https://lmu-osc.github.io/introduction-to-renv/","https://lmu-osc.github.io/introduction-to-renv/","https://lmu-osc.github.io/introduction-to-zotero/","https://lmu-osc.github.io/introduction-to-zotero/","https://lmu-osc.github.io/code-publishing/","https://lmu-osc.github.io/code-publishing/","https://github.com/lmu-osc","https://github.com/lmu-osc",NA,NA,16
"events/events/2024-10-09-software-carpentry-python-munich.qmd","https://lmu-osc.github.io/2024-10-09-LMU-Klinikum/","https://lmu-osc.github.io/2024-10-09-LMU-Klinikum/",NA,NA,NA,NA,NA,NA,NA,NA,NA,NA,NA,NA,NA,NA,NA,NA,2
"events/events/2024-10-10-software-carpentry-r-munich.qmd","https://lmu-osc.github.io/2024-10-10-LMU-Leo/","https://lmu-osc.github.io/2024-10-10-LMU-Leo/",NA,NA,NA,NA,NA,NA,NA,NA,NA,NA,NA,NA,NA,NA,NA,NA,2
"events/events/2024-10-11-qa-on-data-sharing.qmd",NA,NA,NA,NA,NA,NA,NA,NA,NA,NA,NA,NA,NA,NA,NA,NA,NA,NA,0
"events/events/2024-10-28-metarep-replicability-social-behavioral.qmd",NA,NA,NA,NA,NA,NA,NA,NA,NA,NA,NA,NA,NA,NA,NA,NA,NA,NA,0
"events/events/2024-11-08-data-sharing-disadvantages.qmd",NA,NA,NA,NA,NA,NA,NA,NA,NA,NA,NA,NA,NA,NA,NA,NA,NA,NA,0
"events/events/2024-11-22-statistics-limitations-replication-crisis.qmd","https://www.pretix.osc.lmu.de/lmu-osc/osis2024/","https://www.pretix.osc.lmu.de/lmu-osc/osis2024/",NA,NA,NA,NA,NA,NA,NA,NA,NA,NA,NA,NA,NA,NA,NA,NA,2
"events/events/2024-11-25-lmu-wikipedia-editathon.qmd","https://de.wikipedia.org/wiki/Wikipedia:WikiMUC/2024-11-25_LMU-Editathon","https://de.wikipedia.org/wiki/Wikipedia_Diskussion:WikiMUC/2024-11-25_LMU-Editathon",NA,NA,NA,NA,NA,NA,NA,NA,NA,NA,NA,NA,NA,NA,NA,NA,2
"events/events/2024-11-27-sci-integrity-open-science-medicine.qmd","https://www.cas.lmu.de/en/programs/cas-research-focuses/medical-data-processing/","https://www.cas.lmu.de/en/programs/cas-research-focuses/medical-data-processing/",NA,NA,NA,NA,NA,NA,NA,NA,NA,NA,NA,NA,NA,NA,NA,NA,2
"events/events/2024-12-13-osim-plans.qmd",NA,NA,NA,NA,NA,NA,NA,NA,NA,NA,NA,NA,NA,NA,NA,NA,NA,NA,0
"events/events/2025-01-17-osim-plans.qmd",NA,NA,NA,NA,NA,NA,NA,NA,NA,NA,NA,NA,NA,NA,NA,NA,NA,NA,0
"events/events/2025-03-14-data-usage-agreements.qmd",NA,NA,NA,NA,NA,NA,NA,NA,NA,NA,NA,NA,NA,NA,NA,NA,NA,NA,0
"events/events/2025-03-24-software-carpentry-r-munich.qmd","https://lmu-osc.github.io/2025-03-24-LMU-Humanities/","https://lmu-osc.github.io/2025-03-24-LMU-Humanities/",NA,NA,NA,NA,NA,NA,NA,NA,NA,NA,NA,NA,NA,NA,NA,NA,2
"events/events/2025-04-11-publishing-research-data.qmd",NA,NA,NA,NA,NA,NA,NA,NA,NA,NA,NA,NA,NA,NA,NA,NA,NA,NA,0
"events/events/2025-05-09-data-management-plans.qmd",NA,NA,NA,NA,NA,NA,NA,NA,NA,NA,NA,NA,NA,NA,NA,NA,NA,NA,0
"events/events/2025-06-13-open-data-scientific-integrity.qmd",NA,NA,NA,NA,NA,NA,NA,NA,NA,NA,NA,NA,NA,NA,NA,NA,NA,NA,0
"events/events/2025-06-24-von-deal-zu-diamond.qmd",NA,NA,NA,NA,NA,NA,NA,NA,NA,NA,NA,NA,NA,NA,NA,NA,NA,NA,0
"events/events/2025-07-11-systems-biology-data-sharing.qmd",NA,NA,NA,NA,NA,NA,NA,NA,NA,NA,NA,NA,NA,NA,NA,NA,NA,NA,0
"events/events/2025-07-21-helmholtz-open-science-strategy.qmd",NA,NA,NA,NA,NA,NA,NA,NA,NA,NA,NA,NA,NA,NA,NA,NA,NA,NA,0
"events/events/2025-08-07-data-rescue-hackathon.qmd","https://safeguar.de/",NA,NA,NA,NA,NA,NA,NA,NA,NA,NA,NA,NA,NA,NA,NA,NA,NA,1
"events/events/2025-09-15-lmu-open-science-summer-school.qmd","https://lmu-osc.github.io/Open-Science-Summer-School-2025/Join.html","https://lmu-osc.github.io/Open-Science-Summer-School-2025/Join.html","https://www.pretix.osc.lmu.de/lmu-osc/OSSS25/","https://www.pretix.osc.lmu.de/lmu-osc/OSSS25/",NA,NA,NA,NA,NA,NA,NA,NA,NA,NA,NA,NA,NA,NA,4
"events/events/2025-11-14-data-and-ai-ethics.qmd","https://www.pretix.osc.lmu.de/lmu-osc/2025-data-ethics/","https://sites.google.com/view/epix-workshop/2025-data-ethics",NA,NA,NA,NA,NA,NA,NA,NA,NA,NA,NA,NA,NA,NA,NA,NA,2
"events/events/2025-11-14-psychiatric-genetics-data-sharing.qmd","https://osf.io/d9cgy",NA,NA,NA,NA,NA,NA,NA,NA,NA,NA,NA,NA,NA,NA,NA,NA,NA,1
"events/events/2025-12-12-clinical-data-sharing.qmd",NA,NA,NA,NA,NA,NA,NA,NA,NA,NA,NA,NA,NA,NA,NA,NA,NA,NA,0
"events/events/2026-02-09-love-data-week-2026.qmd","https://forschungsdaten.info/fdm-im-deutschsprachigen-raum/love-data-week-2026/","https://zenodo.org/communities/love-data-week-2026-forschungsdaten-info/records?q=&l=list&p=1&s=10&sort=newest","https://webroom.hrz.tu-chemnitz.de/gl/phi-0vj-sx9-evs","https://webroom.hrz.tu-chemnitz.de/gl/phi-0vj-sx9-evs","https://lmu-munich.zoom.us/meeting/register/r7yj_-hSQYOyVn_C0-YLCg#/registration","https://lmu-munich.zoom.us/meeting/register/r7yj_-hSQYOyVn_C0-YLCg#/registration","https://lmu-munich.zoom.us/meeting/register/tjHmRIJAQaSc7yxNV23gGg#/registration","https://lmu-munich.zoom.us/meeting/register/tjHmRIJAQaSc7yxNV23gGg#/registration","https://www.ub.uni-rostock.de/wissenschaftliche-services/forschungsdaten/veranstaltungen/lovedataweek-2026/","https://www.ub.uni-rostock.de/wissenschaftliche-services/forschungsdaten/veranstaltungen/lovedataweek-2026/","https://nfdi4ing.de/nfdi4ing-love-data-week-26/#registration-ldw26","https://nfdi4ing.de/nfdi4ing-love-data-week-26/#registration-ldw26","https://fdm.ub.lmu.de/",NA,NA,NA,NA,NA,13
"events/events/2026-03-11-software-carpentry-computing-skills.qmd","https://maps.app.goo.gl/jipjazeZf5FTwhNFA'","https://www.pretix.osc.lmu.de/lmu-osc/swc-2026-03-11/","https://lmu-osc.github.io/2026-03-11-LMU-Martinsried/",NA,NA,NA,NA,NA,NA,NA,NA,NA,NA,NA,NA,NA,NA,NA,3
"events/events/2026-09-07-lmu-open-science-summer-school.qmd",NA,NA,NA,NA,NA,NA,NA,NA,NA,NA,NA,NA,NA,NA,NA,NA,NA,NA,0
